{"cameraMode":{"drawMode":0,"name":"Shaded","section":"Shading Mode"},"sceneLighting":true,"audioPlay":false,"sceneViewState":{"showFog":true,"showMaterialUpdate":true,"showSkybox":true,"showFlares":true,"showImageEffects":true,"showParticleSystems":true},"in2DMode":false,"pivot":{"x":693.7866821289063,"y":350.53680419921877,"z":-1.5845947265625},"rotation":{"x":-0.05544690415263176,"y":-0.029939424246549608,"z":0.0017091790214180947,"w":-0.9980359077453613},"size":585.92431640625,"orthographic":false}